{
  "env":{
    "baseUrl": "https://lx-nimble.us-west-2.test.expedia.com",
    "destinationButton": "'.uitk-cell > .uitk-type-400'",
    "destinationPopup": "input[data-stid='activities-destination-dialog-input']",
    "srpFilterSearch": "'//*[@id=\"app\"]/div/div[2]/div/div/form/div[2]/button/span'",
    "searchAndFilter": "'//*[@id=\"app\"]/div/div/div/div/fieldset[2]/div/div[1]/a/span/span[2]'",
    "viewportWidth": 320,
    "viewportHeight": 568,
    "pageLoadTimeout": 100000
  },
  "userAgent": "Mozilla/5.0 (iPhone; CPU iPhone OS 9_1 like Mac OS X) AppleWebKit/601.1.46 (KHTML, like Gecko) Version/9.0 Mobile/13B143 Safari/601.1",
  "pageLoadTimeout": 100000
}
